ID,Links
0,/
1,/category/General
2,/category/Crypto-101
3,/category/Success-Stories
4,/search
5,/
6,/category/General
7,/category/Crypto-101
8,/category/Success-Stories
9,/search
10,/article/BullorBear?#main-content
11,/category/General
12,/article/twitter-enabling-nft-buy-and-sell-through-tweet-tiles?#main-content
13,/category/General
14,/article/google-cloud-is-introducing-a-new-blockchain-node-service?#main-content
15,/category/General
16,/article/elon-musk-to-charge-eight-dollars-to-keep-your-verified-check-mark?#main-content
17,/category/General
18,/category/General
19,/article/BullorBear?#main-content
20,/category/General
21,/article/twitter-enabling-nft-buy-and-sell-through-tweet-tiles?#main-content
22,/category/General
23,/article/elon-musk-to-charge-eight-dollars-to-keep-your-verified-check-mark?#main-content
24,/category/General
25,/article/google-cloud-is-introducing-a-new-blockchain-node-service?#main-content
26,/category/General
27,/article/manilaart-features-nfts-with-binance?#main-content
28,/category/General
29,/article/yassi-pressman-to-lauch-a-web-three-platform-for-influencers?#main-content
30,/category/General
31,/article/japan-to-relax-crypto-rules-even-more-by-making-token-listings-easier?#main-content
32,/category/General
33,/article/interpol-launched-metaverse-global-law-enforcement-for-the-first-time?#main-content
34,/category/General
35,/article/ph-to-host-the-global-blockchain-summit?#main-content
36,/category/General
37,/article/mastercard-philippines-allows-crypto-transactions?#main-content
38,#
39,?page=2
40,?page=13
41,https://www.facebook.com/ctrilz/
42,#
43,#
44,#
45,mailto:hege@example.com
46,tel:09497853050
47,/category/General
48,/category/Crypto-101
49,/category/Success-Stories
50,/privacy
51,/terms-&-conditions
52,https://www.facebook.com/ctrilz/
53,#
